{"train_accs": [0.6670455816433559, 0.7752785956920457, 0.8241586225266773, 0.8445827588025236, 0.8720137155161298, 0.8974320748565777, 0.9085945361708472, 0.935652789683575, 0.9452685326674369, 0.9476351981095315, 0.971059595244307, 0.9606425403451232, 0.9743021132272371, 0.9769296709030599, 0.9792590660057396, 0.9789981737542395, 0.9779918750698818, 0.9840669374976706, 0.9847191681264209, 0.9932168014609966], "train_losses": [1.3136405405247902, 0.6371134547123432, 0.4726047667674269, 0.43030181033857173, 0.3471460136364559, 0.26870178206874823, 0.2413960225767128, 0.17822080871136042, 0.14664437386035223, 0.15198311070849765, 0.08461279675175946, 0.10986360953251252, 0.07693704540483519, 0.07015923249752655, 0.06060162873467378, 0.06420077957178354, 0.06524659964178896, 0.044364878198395616, 0.04339665780765061, 0.022277763631701225], "valid_accs": [0.2733333333333333, 0.4696666669845581, 0.5143333336512248, 0.5316666669845581, 0.5543333336512247, 0.6116666666666667, 0.6260000001589457, 0.6643333336512248, 0.6886666668256124, 0.6696666669845581, 0.7003333333333334, 0.6766666668256124, 0.7110000003178915, 0.7016666669845582, 0.7263333333333334, 0.747333333492279, 0.7586666669845581, 0.7330000003178915, 0.7570000001589458, 0.7443333336512248], "valid_losses": [3.77730605951945, 1.669355536142985, 1.3416782178878783, 1.384919563293457, 1.3358064524332682, 1.1781081794102988, 1.1993555482228597, 1.1424903043111165, 1.0673605159123738, 1.4284691734313966, 1.2239879897435506, 1.6140136763254802, 1.4019147777557373, 1.5738851388295492, 1.348888203461965, 1.3203027192751566, 1.3279999534289042, 1.45059015528361, 1.3654841338793438, 1.4115646295547486]}