{"valid_accs": [0.149, 0.3035, 0.519, 0.5555, 0.588, 0.6155, 0.637, 0.633, 0.6585, 0.663, 0.6775, 0.6915, 0.6975, 0.691, 0.6955, 0.693, 0.709, 0.715, 0.6975, 0.7195], "train_accs": [0.36273658621633414, 0.5881808184498251, 0.7322451814689135, 0.7773340279052618, 0.8030329338963429, 0.8153614631859443, 0.8341147189974654, 0.8441859118439032, 0.8629970480675787, 0.8660647102464036, 0.8798402499813114, 0.8940788330686529, 0.896451930280926, 0.9142212188995263, 0.9197198587717775, 0.9158418706330449, 0.9330902355733055, 0.932453550963709, 0.9356369740116919, 0.9484864270417318], "train_losses": [1.4149900734227945, 1.0613279938525317, 0.6850718611463971, 0.5603626596780675, 0.4899682584267465, 0.45578418734442505, 0.4195746085192792, 0.3981795159590674, 0.34520803294213837, 0.33935234964984073, 0.30803915336551285, 0.2721653444246264, 0.26108478735309787, 0.22205871463843144, 0.20987156968795156, 0.21917349711226983, 0.18218076597937363, 0.17290313345630626, 0.16883738979515242, 0.13495180993134182], "valid_losses": [1.5555865898132324, 1.4381502017974854, 1.0709413681030273, 0.9614835872650146, 0.8900218563079834, 0.8756148881912231, 0.8378984866142273, 0.8554135093688965, 0.7954401617050171, 0.8016260805130004, 0.8062593021392822, 0.7642639555931091, 0.8035436310768127, 0.8011168313026428, 0.8513338479995728, 0.8202670049667359, 0.8014102325439453, 0.82028804063797, 0.9062380208969116, 0.8531922197341919]}