{"train_accs": [0.4693579582085024, 0.5532253782851075, 0.5926845917554704, 0.6490386438621109, 0.6896545185634647, 0.7253214001289393, 0.7599833137396185, 0.7815047972998597, 0.7667336645303197, 0.787572528347681, 0.783021730061815, 0.8106109446698775, 0.817759490310592, 0.8398498236565665, 0.8330805112063407, 0.8548105730213509, 0.8548484963403997, 0.8643103644430961, 0.8552087678713641, 0.8613902688763321], "train_losses": [2.607072860995966, 1.9331641494312348, 1.7647305241424596, 1.4930890346160393, 1.3667399323684164, 1.2159396533677818, 1.0441604602783567, 0.9820637027487386, 1.0757010920317471, 1.009129789894209, 1.0383951602623502, 0.9536307581398832, 0.9331781232450606, 0.8157733753160368, 0.8117870798203729, 0.7261807646491774, 0.7038610607087262, 0.6346608212092589, 0.7628668766862781, 0.6743818356429073], "valid_accs": [0.4836666668256124, 0.5553333333333333, 0.6273333333333333, 0.6616666667461395, 0.6716666666666666, 0.6833333334922791, 0.6923333334922791, 0.6976666669845581, 0.7123333336512248, 0.7430000001589457, 0.7396666666666667, 0.7460000001589457, 0.7550000003178914, 0.7460000003178915, 0.7343333336512248, 0.740333333492279, 0.7516666666666667, 0.7496666666666667, 0.755, 0.7563333336512248], "valid_losses": [1.558085710843404, 1.2559603096644083, 0.9486554384231567, 0.9140213813781738, 0.9427278394699097, 1.002481928507487, 1.059719846089681, 1.1006604121526082, 1.0278251876831055, 1.0683013502756755, 1.0613413972854615, 1.1550651995340984, 1.1976233987808227, 1.2866416416168214, 1.2917945318222046, 1.413486971696218, 1.3193436892827353, 1.3575573069254556, 1.3843305425643921, 1.4002277609507243]}