{"number_episodes": 3, "episode_rewards": [903.7999999999857, 880.699999999983, 827.0999999999615], "mean_all_episodes": 870.5333333333101, "std_all_episodes": 32.12728158781733}