{"number_episodes": 2, "episode_rewards": [635.4999999999309, 886.3999999999891], "mean_all_episodes": 760.94999999996, "std_all_episodes": 125.45000000002909}