{"number_episodes": 3, "episode_rewards": [869.1999999999738, 834.1999999999665, 840.6999999999715], "mean_all_episodes": 848.0333333333039, "std_all_episodes": 15.200511687296377}