{"std": 90.68479488571421, "mean": 827.2921308636887, "episode_rewards": [869.598657718103, 817.9494661921572, 859.3959595959408, 907.4999999999819, 789.4103896103709, 878.1393501804946, 863.3761589403862, 886.1481228668732, 879.557085020222, 836.0416107382364, 639.9574803149457, 812.7129129128941, 866.4666666666487, 929.699999999989, 614.5540983606409, 854.8173010380509, 873.9697416974055, 883.876433120998, 838.7067524115586, 575.7581881532989, 632.0580645161158, 863.9577060931739, 823.5536656891287, 930.7999999999953, 890.6536585365657, 866.0576687116443, 867.0727272727106, 886.6421052631408, 796.6609865470683, 783.6709677419237]}