{"std": 172.99373358995257, "mean": 669.2409679342786, "episode_rewards": [883.021476510053, 682.7181494661769, 755.0188552188357, 887.4543209876334, 565.3844155843991, 740.9552346570252, 459.40264900660736, 848.6054607508315, 916.3999999999897, 362.8872483221318, 636.0204724409297, 821.721921921902, 814.6148148147959, 844.2444444444254, 575.2098360655576, 550.3190311418548, 623.0472324723147, 559.0356687897896, 558.9639871382458, 411.9951219512035, 419.15483870966267, 745.6781362007008, 823.5536656891277, 846.1601532566918, 805.28780487803, 878.3276073619498, 583.4363636363463, 389.9315789473514, 711.4591928251023, 377.2193548386939]}