{"valid_losses": [3.6680543479919434, 2.2885228004455564, 2.06954341506958, 2.257408302307129, 1.6619535827636718, 1.2289257669448852, 1.1717001180648803, 1.051768837928772, 1.1243792972564697, 1.181405589580536, 1.1436317701339722, 1.1686144728660584, 1.0774675207138062, 1.243755133152008, 1.4138460416793823, 1.0756652402877807, 1.5673516511917114, 1.6517483701705933, 1.246003345966339, 1.1537949275970458], "valid_accs": [0.505, 0.5605, 0.567, 0.5425, 0.552, 0.6105, 0.613, 0.6335, 0.6385, 0.6375, 0.656, 0.6605, 0.6865, 0.667, 0.6515, 0.71, 0.655, 0.6435, 0.7155, 0.7395], "train_losses": [29.141650265963424, 19.48088820888508, 12.182597956696325, 8.241128412794168, 5.560779465495791, 3.6743506259192897, 2.7218909919237784, 2.153509094061423, 1.7357142256553328, 1.4991219802304896, 1.3252274376544135, 1.2178325576832458, 1.0443292296256375, 0.967958152587404, 0.8084686972645482, 0.6082849096022332, 0.6686868885949356, 0.6913406743960241, 0.5692220342744382, 0.6854195634591301], "train_accs": [0.32632980261397126, 0.33877409270373166, 0.3784800602059856, 0.42744689471379277, 0.47184117613356513, 0.5159460554218419, 0.56028245642946, 0.6044452161419659, 0.6482028129849161, 0.6840307924105364, 0.7016843202151779, 0.7196272501219904, 0.758812293752708, 0.7681310412825385, 0.797939457095469, 0.8345198818997955, 0.8341725994165196, 0.8223071134793521, 0.8522312901614406, 0.8335937951707783]}