{"mean": 853.3946329914146, "episode_rewards": [913.4999999999858, 799.79999999999, 725.4578947368274, 882.0695035460868, 906.1999999999853, 875.4944444444269, 900.8999999999809, 866.6874172185331, 889.1992932862028, 921.4999999999897, 911.3999999999826, 883.1333333333233, 868.7922480620081, 760.9987381703337, 695.7866220735624], "std": 69.84223370460073}