{"std": 159.26407698540496, "mean": 809.4800502644173, "episode_rewards": [886.3771812080353, 885.5651245551459, 872.8639730639536, 913.4999999999826, 851.098701298681, 929.7999999999955, 793.8397350993248, 925.4999999999842, 879.5570850202228, 924.5999999999855, 880.1149606299075, 608.5087087086924, 811.7888888888754, 847.9481481481296, 863.7344262294928, 543.3986159169411, 913.2999999999915, 920.1999999999823, 877.2919614147734, 429.41672473866055, 886.8967741935368, 433.8501792114533, 873.4070381231448, 344.24444444442656, 835.775609756078, 881.3950920245275, 885.2545454545284, 850.4578947368243, 812.4156950672522, 922.2999999999934]}