{"std": 72.98083155044421, "mean": 838.3027866455874, "episode_rewards": [883.0214765100507, 828.6256227757899, 879.5979797979631, 853.5037037036858, 802.3974025973865, 892.5797833934926, 770.6609271523075, 889.5610921501515, 891.7028340080789, 859.531543624144, 887.9889763779416, 731.6318318318166, 906.5999999999856, 919.3999999999878, 902.6999999999871, 865.1979238754229, 885.0398523985152, 756.4878980891542, 790.4752411575403, 704.6780487804757, 809.4774193548291, 871.1261648745391, 627.0727272727127, 892.1371647509479, 698.5804878048639, 795.5055214723823, 892.5272727272578, 860.326315789459, 907.5999999999879, 893.3483870967647]}