{"mean": 866.6412594530643, "episode_rewards": [932.7999999999864, 919.6999999999836, 923.0999999999856, 851.6518518518329, 872.0222222222042, 805.7824561403338, 852.1809523809384, 917.299999999987, 882.0064056939343, 886.466666666654, 718.9489361701982, 895.6506224066248, 849.7999999999842, 823.9877256317566, 868.2210526315607], "std": 53.2301828531583}