{"train_accs": [0.6348518518518519, 0.6061481481481481, 0.6815925926102532, 0.7228148148501361, 0.7647777777777778, 0.7961851852205064, 0.8249259259612471, 0.8502222222222222, 0.8768148148148148, 0.886, 0.8945185185538398, 0.9071851851851852, 0.9206296296296296, 0.9296666666666666, 0.9224074074427286, 0.9347777777777778, 0.9414074074074074, 0.9535925925925925, 0.9470740740740741, 0.9602962962962963], "train_losses": [1.2793116565457097, 0.9916951334388168, 0.7321120575269063, 0.6357284705020764, 0.5464055209954579, 0.48023077144446197, 0.42773508451603076, 0.37702471713666563, 0.31851400857943074, 0.2954718800187111, 0.27635823817606325, 0.24004503372201214, 0.21201999828992066, 0.1892672293903651, 0.20320740697450107, 0.17969293089321367, 0.1562305939556272, 0.12629730062324693, 0.13692998318981242, 0.11091720276808849], "valid_accs": [0.607, 0.5870000001589457, 0.6373333336512248, 0.6710000001589457, 0.6996666666666667, 0.7153333333333334, 0.734, 0.7493333333333333, 0.76, 0.7610000003178914, 0.768, 0.7893333336512248, 0.7803333334922791, 0.7903333334922791, 0.7913333336512248, 0.7986666668256124, 0.7940000001589457, 0.8026666668256124, 0.8050000003178914, 0.8133333336512247], "valid_losses": [1.3667630449930828, 1.1080108329455058, 0.8690828469594319, 0.788181146701177, 0.7239041804472606, 0.6910285888512929, 0.6644094154834748, 0.6411517992019653, 0.6219766811529795, 0.6305999247233073, 0.6499650382200877, 0.6471425516208013, 0.6640411512056986, 0.6489904842774074, 0.7429341501394907, 0.760491754412651, 0.7643720054229101, 0.7310185611248017, 0.7984653987288475, 0.7794786800146103]}