{"train_losses": [1.5592160847146057, 1.0473874028843917, 0.8512885005606775, 0.7394340787989168, 0.5600313974308624, 0.47103046869396914, 0.3684420776124096, 0.3255469270709033, 0.2493010142757935, 0.25816824598511817, 0.20747409740090628, 0.23778002789466576, 0.2073338261345716, 0.20308138909493367, 0.15676993527944924, 0.1592564451998062, 0.14821161055313145, 0.09458734210149453, 0.11924124668744983, 0.11063838850422276], "valid_losses": [1.241174804866314, 1.0047729106992482, 0.9571247773617506, 1.0650774560123681, 0.9416957679390907, 1.122423011288047, 1.234230514243245, 1.0644204594939948, 1.2955212008208037, 1.2549782077968121, 1.3367961345613002, 1.4795101629942655, 1.4394325460493564, 1.3946542854607105, 1.6582842859625817, 1.880317136645317, 1.7367916933447123, 1.323613777011633, 1.8735822482407094, 1.6073902651667595], "valid_accs": [0.5665000355988741, 0.6405000323057175, 0.6650000295042992, 0.6610000403225422, 0.7005000394582749, 0.7010000409185886, 0.7030000394582748, 0.7275000390410423, 0.7155000400543213, 0.7340000295639038, 0.7315000416338444, 0.7305000400543213, 0.7260000365972519, 0.7485000389814377, 0.7280000445246696, 0.7045000407099724, 0.7420000366866588, 0.7545000377297402, 0.7320000439882278, 0.7465000502765179], "train_accs": [0.6215199744003808, 0.7027262055557166, 0.7505933150149692, 0.777449830328969, 0.8255484547543016, 0.8603345828351099, 0.8844128384381497, 0.8907796864936823, 0.9163628274687754, 0.9158997873213375, 0.9332060296516034, 0.9324535837726556, 0.9328008685225434, 0.9370261363052498, 0.9520171633982207, 0.9525959704315151, 0.9572842797381863, 0.9689182463071478, 0.9649244978684977, 0.9626671596417143]}