{"train_losses": [62.96453857421875, 75.63092041015625], "train_accs": [0.5450000166893005, 0.5329999923706055], "valid_losses": [87.09037780761719, 95.06182861328125], "valid_accs": [0.5080000162124634, 0.4959999918937683]}