{"valid_losses": [1.6622179107666015, 1.5854784107208253, 1.5416318302154541, 1.4354720544815063, 1.243573576927185, 1.064518639564514, 1.0463017272949218, 0.9456802949905395, 0.9346681346893311, 0.8835416679382324, 0.8760830607414246, 0.8791405944824219, 0.8555552353858947, 0.8176395034790039, 0.8081017317771911, 0.7945097961425781, 0.8192762422561646, 0.8173818550109864, 0.7829752669334412, 0.7804381909370423], "valid_accs": [0.111, 0.1565, 0.16, 0.368, 0.478, 0.5065, 0.5215, 0.573, 0.5835, 0.5785, 0.612, 0.6115, 0.628, 0.6535, 0.66, 0.6655, 0.6745, 0.667, 0.691, 0.7015], "train_losses": [1.614880888503604, 1.4452993793261784, 1.3919931686800124, 1.2072601151796185, 0.9344594737697808, 0.691282013762278, 0.6572176282132756, 0.5679406489515605, 0.5345292374316607, 0.5026759692621002, 0.48101339105544916, 0.43734609487501497, 0.4183788231217199, 0.3786395946596828, 0.35882436219962266, 0.35248542734043753, 0.35539804665176533, 0.3100937136600448, 0.27929478133122193, 0.2618357700836902], "train_accs": [0.2021184233235852, 0.35735370726326504, 0.3814898420209554, 0.5201713260680001, 0.6766220987577947, 0.7180065983436226, 0.7373386583077367, 0.7735139202166329, 0.786768536211102, 0.8005440759460097, 0.8079527695849517, 0.824390808596354, 0.8294842854041278, 0.8496845517230543, 0.8587717775076692, 0.8586560166074617, 0.8646755801891021, 0.8833130751556149, 0.8960467673475463, 0.9010823638052647]}