{"train_accs": [0.6558221726190476, 0.7719866071428572, 0.790141369047619, 0.8103050595238095, 0.861030505952381, 0.8994605654761905, 0.9289248511904762, 0.9493675595238096, 0.9523623511904762, 0.9624069940476191, 0.9431919642857143, 0.9702380952380952, 0.9791852678571429, 0.9662946428571428, 0.9906808035714286, 0.9832403273809524, 0.9819568452380952, 0.985249255952381, 0.9905877976190476, 0.9916294642857143], "valid_accs": [0.4133333334128062, 0.6136666669845581, 0.6643333336512248, 0.6693333333333333, 0.6840000001589457, 0.7046666666666667, 0.7086666669845582, 0.706, 0.7160000001589457, 0.7190000003178915, 0.7183333336512248, 0.7496666666666667, 0.7563333336512248, 0.7496666666666667, 0.7533333333333333, 0.7493333333333333, 0.7416666669845581, 0.7516666666666667, 0.7520000003178915, 0.7526666669845581], "valid_losses": [3.1950372155507405, 1.180714054743449, 0.9210095815658569, 0.9050778897603353, 0.8642253907521565, 0.8343846101760864, 0.9175826632181804, 1.019373070081075, 1.0514175020853678, 1.0878945172627768, 1.1115070079167684, 1.1397973435719808, 1.188350380897522, 1.2121485942204793, 1.2561437511444091, 1.30106556892395, 1.3795392576853434, 1.4315073356628418, 1.3649122047424316, 1.3690810715357462], "train_losses": [1.6480120934945133, 0.6393074544146657, 0.5506083781653571, 0.48228451289857427, 0.34503350001759825, 0.26287435298630346, 0.1938771288381845, 0.13792542165361477, 0.1286481634210629, 0.10502994793905167, 0.15142292744823777, 0.08441392584659514, 0.06305996744492967, 0.09577289511175227, 0.03150838461366393, 0.048191459717799305, 0.052086072512524666, 0.04143277414762755, 0.029107234602369792, 0.02503745071320563]}