{"std": 21.074551414025137, "mean": 895.4947216047386, "episode_rewards": [901.3999999999824, 899.9999999999881, 916.7999999999856, 893.6271604938082, 906.8999999999828, 885.3595667869939, 886.5549668874061, 918.3999999999837, 891.7028340080786, 913.1999999999848, 914.3999999999911, 893.7939939939748, 924.2999999999884, 924.5999999999884, 880.1278688524443, 858.2775086505089, 862.8996309962993, 893.4305732483872, 867.645659163971, 840.5665505226334, 905.8999999999913, 881.8788530465804, 879.2721407624421, 926.4999999999952, 884.5560975609571, 887.5300613496815, 881.6181818181653, 908.1999999999862, 924.2999999999902, 911.0999999999924]}