{"std": 14.882317033096786, "episode_rewards": [877.5070063694077, 878.1281733746027, 922.8999999999863, 903.3999999999822, 916.1999999999833, 887.6419452887415, 877.7411764705695, 892.6825622775674, 877.8564263322683, 908.4999999999902, 886.8129870129677, 908.399999999993, 876.1513513513318, 891.9259842519551, 887.6048780487632], "mean": 892.8968327185406}