{"std": 98.66902428568889, "mean": 854.9920368239067, "episode_rewards": [926.899999999987, 771.6861209964269, 893.0659932659743, 887.4543209876344, 886.812987012967, 412.4353790613544, 886.5549668874052, 926.0999999999855, 887.6542510121258, 872.9543624160876, 856.4929133858132, 890.7909909909708, 928.9999999999883, 892.392592592574, 870.2918032786731, 907.2999999999911, 896.1099630996193, 883.8764331209967, 920.1999999999872, 729.0682926829105, 886.8967741935372, 874.7103942652176, 861.6768328445523, 700.5662835248891, 762.6048780487624, 887.5300613496803, 896.1636363636186, 873.4842105262979, 895.3156950672484, 883.6709677419237]}