{"std": 110.28866210563453, "episode_rewards": [525.2826254826074, 885.9111111110892, 889.0857142856966, 864.5058823529216, 859.5069597069458, 854.6387096774083, 842.8604982206253, 872.772972972951, 917.699999999983, 895.9832061068577, 896.5213114753951, 867.4258992805553, 609.8977198696882, 930.3999999999961, 888.7298892988799], "mean": 840.08149998944}