{"valid_losses": [1.6247574338912965, 1.8861755456924438, 1.6295660181045533, 1.0238079662322999, 1.0212037677764894, 0.9781308426856995, 0.9510895590782166, 0.9677695922851562, 0.9710389399528503, 0.985944125175476, 1.3316153645515443, 1.2261152696609496, 1.1798955574035646, 1.3103094892501832, 1.227611433506012, 1.1012266116142273, 1.0749483575820924, 1.1061368651390076, 1.135928049325943, 1.306081000328064], "valid_accs": [0.603, 0.5435, 0.577, 0.6455, 0.6405, 0.6705, 0.69, 0.6945, 0.706, 0.711, 0.6735, 0.6865, 0.699, 0.672, 0.7305, 0.739, 0.7485, 0.764, 0.759, 0.752], "train_losses": [1.3616434163246027, 0.7408709540551768, 0.5876487862227546, 0.3643051878341461, 0.3230925404734652, 0.2491522612689601, 0.20661524345013405, 0.20156829466217127, 0.17173626263218772, 0.15649282808040466, 0.23715777047818964, 0.1806123642238066, 0.18428036773189968, 0.17696872093611438, 0.08787623332328935, 0.0810823751760228, 0.06761181482671871, 0.05683209198246892, 0.03487091119548966, 0.047465883675696825], "train_accs": [0.6620362331630276, 0.7972448920288688, 0.8242171673081419, 0.8629391676864738, 0.8764253053261104, 0.9075070903202846, 0.9222665972101638, 0.9268391503154483, 0.9343636047924987, 0.9414250159171152, 0.9223823580482723, 0.9339005614400648, 0.9382415928691323, 0.9360421369450714, 0.9705388667013949, 0.9721016380158592, 0.974532615616137, 0.9812467442264282, 0.9878451119986109, 0.984430167274411]}