{"batch_size": 25, "lr": 0.09999989512720447, "name": "experimental", "learning_curve": [0.9807000030517579, 0.9785000053405761, 0.9838999980926514, 0.9837999980926514, 0.9836000003814698, 0.9854000003814697, 0.9876000026702881, 0.9826999980926514, 0.9889999956130981, 0.9871000049591064, 0.9855000074386596, 0.9848999980926514, 0.9860000027656555, 0.9882000003814697, 0.987199997997284, 0.9886000002861023, 0.9885999980926514, 0.9880000003814697, 0.9892000074386597, 0.9900000027656555, 0.9869999980926514, 0.9895000004768372, 0.9874000003814697, 0.989899995803833, 0.9907000003814698, 0.990400002670288, 0.9889000050544738, 0.9903000003814697, 0.9886000003814698, 0.9889999935150147, 0.9899000003814697, 0.9917999980926514, 0.9916000026702881, 0.9920999956130981, 0.991500002670288, 0.9927000026702881, 0.992400002670288, 0.992400002670288, 0.9923000026702881, 0.9923000026702881, 0.9923000026702881, 0.9923000026702881, 0.992400002670288, 0.9923000026702881, 0.9923000026702881, 0.9923000026702881, 0.9923000026702881, 0.9923000026702881, 0.9923000026702881, 0.9923000026702881], "filter_size": 5, "num_filters": 18}