{"name": "incumbent", "learning_curve": [0.9735999986648559, 0.9791000030517578, 0.9861000005722046, 0.9864000028610229, 0.9866000005722045, 0.9875999980926514, 0.9874999980926513, 0.9871000051498413, 0.9882999981880188, 0.9893000003814697, 0.9893000003814697, 0.9902000026702881, 0.9892000003814697, 0.9880000005722046, 0.9891000051498413, 0.9889000026702881, 0.9892000074386597, 0.9888999980926514, 0.9897000001907349, 0.9889000003814697, 0.9875000005722046, 0.9906000001907349, 0.9907000072479248, 0.9900999979019165, 0.9905000002861023, 0.9906999979019165, 0.9905000002861023, 0.9911000002861023, 0.9914999956130981, 0.9914000002861023, 0.9913999956130981, 0.9919000025749206, 0.9918999979019165, 0.9918999979019165, 0.9918999979019165, 0.9918999979019165, 0.9917999979019165, 0.9918000072479248, 0.9918000072479248, 0.9917999979019165, 0.9917999979019165, 0.9918000025749206, 0.9917999979019165, 0.9917999979019165, 0.9917999979019165, 0.9918000072479248, 0.9918000025749206, 0.9918000025749206, 0.9917999979019165, 0.9917999979019165], "num_filters": 24, "lr": 0.05172120679952766, "batch_size": 36, "filter_size": 5}