{"lr": 0.01, "learning_curve": [0.13960000200271605, 0.06569999809265137, 0.04519999856948853, 0.04099999876022342, 0.03659999866485597, 0.0350999940872192, 0.03129999885559087, 0.028999994277954078, 0.02659999675750735, 0.024900003814697258, 0.023999996757507303, 0.023900001335144028, 0.022800001335144038, 0.021600003623962416, 0.02140000133514408, 0.021000003719329863, 0.020699996757507333, 0.020099996757507288, 0.01979999675750732, 0.019399994468689008, 0.01910000381469723, 0.018599994468688985, 0.01830000381469732, 0.01740000152587895, 0.017599994468688984, 0.01699999446868894, 0.01700000381469724, 0.016800001525878905, 0.01640000152587895, 0.01679999446868896], "filter_size": 3, "name": "partc_fs-3", "batch_size": 64, "num_filters": 16}