{"lr": 0.01, "learning_curve": [0.23579999990463252, 0.17449999580383302, 0.1488999996185303, 0.1279000047683716, 0.11160000534057612, 0.10179999847412113, 0.09419999647140498, 0.08709999923706058, 0.08099999732971186, 0.07940000209808351, 0.07479999771118162, 0.07249999790191652, 0.0703999980926514, 0.06889999809265135, 0.06619999809265131, 0.06399999580383298, 0.06179999351501464, 0.060199993515014594, 0.05849999351501467, 0.057499998188018764, 0.0571000028610229, 0.05659999818801875, 0.0566000005722046, 0.05550000295639035, 0.05430000057220463, 0.05459999828338624, 0.05389999818801883, 0.053400005149841334, 0.052700000381469714, 0.052300002765655496], "filter_size": 1, "name": "partc_fs-1", "batch_size": 64, "num_filters": 16}