{"lr": 0.0001, "learning_curve": [0.8446999996423721, 0.8584000005722046, 0.7946000010251999, 0.7647000000715256, 0.7537999992847443, 0.7392999997615815, 0.7189000005722046, 0.6919999993801117, 0.6602999986648559, 0.6308999980449677, 0.6056999992370605, 0.5829000001907348, 0.5624000009536743, 0.5385999994754791, 0.5154000003814697, 0.48919999876022335, 0.4647999999046326, 0.43890000333786006, 0.4128999996185303, 0.3844999983787537, 0.35809999952316285, 0.3297000005722046, 0.30499999914169307, 0.2797999980926513, 0.2602000014305115, 0.24050000457763676, 0.22190000286102296, 0.2074000008583069, 0.19370000362396245, 0.18340000152587888], "filter_size": 5, "name": "partb_lr_1e-4", "batch_size": 64, "num_filters": 16}