{"lr": 0.01, "learning_curve": [0.08920000429153441, 0.04779999647140498, 0.035000001335144026, 0.030200006103515586, 0.026699999046325695, 0.02509999904632565, 0.02229999675750738, 0.021499999141693094, 0.02080000152587891, 0.019899994468688953, 0.01940000381469731, 0.018800003814697264, 0.01840000152587895, 0.017899999237060538, 0.01799999694824217, 0.017299999332427984, 0.01689999933242803, 0.016799994659423834, 0.01609999704360965, 0.01579999704360957, 0.015699992370605487, 0.015399999427795463, 0.015299999427795363, 0.015099999427795385, 0.014599997138977083, 0.014899999427795407, 0.014700006484985373, 0.014700006484985373, 0.014599997138977083, 0.014399997138977105], "filter_size": 5, "name": "partb_lr_1e-2", "batch_size": 64, "num_filters": 16}