{"lr": 0.01, "learning_curve": [0.08300000476837155, 0.04960000114440921, 0.039099996757507305, 0.035299999332428, 0.031599999332427964, 0.03040000152587896, 0.0284999991416931, 0.02700000152587889, 0.02519999914169313, 0.024599999141693085, 0.023900003814697257, 0.02319999685287477, 0.022200001525878865, 0.021399999237060596, 0.020699996948242205, 0.020200001621246355, 0.019599996948242215, 0.01909999694824216, 0.018799996948242192, 0.018699996948242203, 0.01809999694824216, 0.017199996948242147, 0.01679999694824219, 0.016499996948242224, 0.016299996948242135, 0.015999996948242168, 0.015499996948242223, 0.015399996948242234, 0.015199996948242145, 0.015399999237060591], "filter_size": 7, "name": "partc_fs-7", "batch_size": 64, "num_filters": 16}