{"lr": 0.01, "learning_curve": [0.09650000648498536, 0.05219999179840085, 0.03939999885559087, 0.03319999876022339, 0.030600003623962424, 0.0277999942779541, 0.02530000610351557, 0.023199994468688923, 0.02110000610351559, 0.01869999675750733, 0.018300006103515676, 0.01720000152587886, 0.01689999446868895, 0.016800003814697262, 0.016499994468688994, 0.016600001525878927, 0.01630000152587896, 0.01630000152587896, 0.015900001525878893, 0.016000001525878882, 0.015600004005432155, 0.015299996948242134, 0.01500000400543211, 0.014400004005432177, 0.014100001716613741, 0.014100001716613741, 0.013900001716613763, 0.01359999942779544, 0.013299999427795361, 0.013299999427795361], "filter_size": 5, "name": "partc_fs-5", "batch_size": 64, "num_filters": 16}