{"lr": 0.1, "learning_curve": [0.027500003814697305, 0.017199999523162868, 0.014999999523162888, 0.012799999523162797, 0.01220000181198122, 0.012199999523162863, 0.010600001811981175, 0.011099999523162873, 0.010500001907348677, 0.01049999961853032, 0.01010000190734861, 0.01039999961853022, 0.009700001907348654, 0.010899997138977047, 0.010500001907348677, 0.010499997234344471, 0.009800001907348643, 0.009899999618530275, 0.010299999618530231, 0.009799999618530286, 0.009499997329711962, 0.00920000200271609, 0.009099997329711895, 0.009400002002716068, 0.009300002002716079, 0.009299997329711873, 0.009199997329711884, 0.009399997329711862, 0.009600002002716046, 0.009699999618530297], "filter_size": 5, "name": "partb_lr_1e-1", "batch_size": 64, "num_filters": 16}