{"lr": 0.001, "learning_curve": [0.7410000002861024, 0.47279999904632564, 0.25210000104904173, 0.1463999984741211, 0.11349999942779543, 0.09880000228881836, 0.09009999542236324, 0.08380000019073486, 0.07689999561309813, 0.07079999341964727, 0.06789999818801884, 0.06369999818801875, 0.0595999958992004, 0.056699998474121105, 0.05379999151229864, 0.05059998912811281, 0.048500003242492706, 0.04640000095367436, 0.04459999866485598, 0.04260000343322756, 0.041500001144409215, 0.04100000114440916, 0.039599998855590846, 0.03889999885559081, 0.037699996566772476, 0.036900003623962396, 0.036000003623962384, 0.034899994277954094, 0.03370000133514406, 0.033200001335144], "filter_size": 5, "name": "partb_lr_1e-3", "batch_size": 64, "num_filters": 16}