{"std": 125.38617476255564, "mean": 811.9833302157136, "episode_rewards": [879.6657718120639, 867.7715302490969, 896.432996632979, 865.8493827160314, 857.5922077921895, 856.4787003610018, 836.8860927152199, 900.9999999999808, 936.5999999999877, 856.1758389261545, 809.2488188976243, 632.5327327327174, 896.0962962962789, 581.2814814814647, 811.2754098360504, 858.2775086505076, 840.759409594084, 858.3987261146287, 864.4302250803702, 798.7547038327366, 841.7354838709579, 849.6207885304507, 454.05219941347485, 888.3057471264254, 692.4829268292519, 421.27239263802204, 874.3454545454379, 863.6157894736673, 923.599999999989, 844.9612903225691]}