{"std": 87.69401226739666, "mean": 718.5180987454056, "episode_rewards": [685.0348993288491, 629.3373665480353, 734.8168350168228, 652.8864197530773, 575.1246753246685, 842.0382671480066, 674.6344370860851, 681.3699658702942, 863.3627530364204, 735.3704697986453, 824.9968503936936, 614.5147147147055, 866.4666666666536, 859.0592592592452, 735.8655737704808, 674.8865051903066, 807.5490774907679, 680.0547770700498, 626.4881028938812, 690.7407665505111, 744.961290322573, 838.8681003584115, 644.668035190604, 731.2176245210646, 683.336585365842, 593.051533742324, 717.9818181818074, 603.7473684210423, 859.4412556053692, 683.6709677419286]}