{"valid_losses": [1.2937671542167664, 0.9212633666992187, 0.8025474505424499, 0.7288409433364869, 0.682178252696991, 0.657256139755249, 0.651639142036438, 0.6075309529304505, 0.6014305469989777, 0.6014874613285065, 0.6319029486179352, 0.6214126214981079, 0.7201950540542602, 0.7466817307472229, 0.6526609992980957, 0.6751646455526352, 0.697938669681549, 0.7864032701253891, 0.6903972333073616, 0.7690967609882354], "valid_accs": [0.6355, 0.6605, 0.6905, 0.7215, 0.7425, 0.752, 0.768, 0.7825, 0.7875, 0.786, 0.797, 0.8045, 0.7905, 0.7895, 0.814, 0.821, 0.8195, 0.8135, 0.8255, 0.821], "train_losses": [1.332640524758233, 0.8631571511162652, 0.6818930091328091, 0.5765676021046109, 0.5030710862212711, 0.4409818666908476, 0.39153908938831755, 0.3378375589052836, 0.29990956261422896, 0.2814963350892067, 0.2548276675873333, 0.22735765197873115, 0.2728901735842228, 0.2690638591183556, 0.16957400466170575, 0.15096913201113543, 0.18556462950176664, 0.20307977559334703, 0.165446066338155, 0.15606150134818422], "train_accs": [0.6276111111111111, 0.6581111111111111, 0.7205555555555555, 0.7548888888888889, 0.7895555555555556, 0.8194444444444444, 0.8451666666666666, 0.8656111111111111, 0.8824444444444445, 0.8902777777777777, 0.9020555555555556, 0.9133333333333333, 0.8954444444444445, 0.899, 0.9360555555555555, 0.9445, 0.9338888888888889, 0.9265555555555556, 0.9386666666666666, 0.9442222222222222]}