{"valid_losses": [3.4852068214416505, 3.0686966581344604, 2.0378922729492186, 2.0577115001678465, 1.417811423778534, 1.6767780284881593, 1.3156284656524657, 1.169900001525879, 1.1265672121047974, 1.1241389846801757, 1.1075551652908324, 1.184791162967682, 1.26007879447937, 1.343494116783142, 1.3253796281814576, 1.2612031531333923, 1.1917139019966125, 1.1152028579711915, 1.2217695546150207, 1.3415239129066467], "valid_accs": [0.53, 0.53, 0.5745, 0.5675, 0.633, 0.55, 0.6225, 0.6625, 0.6865, 0.6885, 0.685, 0.6815, 0.674, 0.677, 0.689, 0.6885, 0.719, 0.7515, 0.7275, 0.717], "train_losses": [1.8170553817719768, 1.25036115961894, 0.8534484531527945, 0.8042053261595743, 0.4307351524849391, 0.5423341762010799, 0.3204855808201519, 0.22746792526983267, 0.18551139552020057, 0.15282686056733413, 0.15745329923456436, 0.1608542746113304, 0.18140038739163863, 0.126882598315739, 0.09518294619741215, 0.07009167188192353, 0.041881485120753154, 0.04140451166144014, 0.03999612164961414, 0.043084648489062], "train_accs": [0.726920182915924, 0.7714302250996311, 0.7870000578562695, 0.7960294032597794, 0.853157376828359, 0.8227701568697354, 0.8779301961525217, 0.9138739364472999, 0.9285755628870753, 0.9414250158860658, 0.9417144180123864, 0.9413671354980611, 0.932800833446985, 0.9563002836140534, 0.9694970191584187, 0.9748220177114082, 0.9868611448746889, 0.9859929385888754, 0.9872084273890143, 0.9862823406530971]}