{"mean": 751.2568052517903, "episode_rewards": [782.5586206896406, 840.5407407407273, 804.0904290428947, 566.4666666666548, 722.5848101265722, 808.2745762711727, 824.6366013071718, 691.1043478260725, 695.3974842767128, 676.4323024054829, 705.721052631565, 739.0282958199211, 872.8769230769083, 848.4301369862848, 690.7090909090738], "std": 80.74997641906249}