{"std": 81.64820097773615, "mean": 770.9673082357011, "episode_rewards": [732.0147651006582, 657.8071174377131, 818.9919191919028, 763.9975308641813, 808.8909090908918, 856.4787003610008, 677.9456953642277, 811.062798634795, 839.0712550607104, 792.4174496644141, 840.7448818897523, 647.5477477477357, 844.2444444444287, 870.1703703703541, 830.947540983593, 695.6477508650448, 840.759409594087, 756.4878980891535, 671.5041800642956, 533.9463414634033, 741.7354838709579, 831.699641577048, 662.2633431084901, 853.8229885057376, 744.3121951219357, 706.5484662576581, 779.7999999999876, 824.1421052631433, 868.4098654708379, 825.6064516128937]}