{"mean": 880.1835993083317, "episode_rewards": [938.0999999999965, 927.6999999999945, 873.3099337748218, 834.9535836177289, 896.375342465734, 880.3194805194596, 860.5142857142677, 880.5692307692132, 890.6256880733729, 875.184615384603, 869.8996677740743, 867.6571428571236, 874.8889679715156, 886.7281045751429, 845.9279461279282], "std": 25.813888874194763}