{"episode_rewards": [886.3771812080357], "mean": 886.3771812080357, "std": 0.0}