{"std": 44.841523985213456, "mean": 871.0030254351396, "episode_rewards": [889.732885906022, 828.6256227757864, 856.0289562289365, 878.1950617283749, 886.8129870129662, 881.7494584837431, 836.8860927152189, 923.1999999999834, 847.1684210526114, 866.2429530201149, 876.177952755892, 887.7879879879678, 933.7999999999889, 925.5999999999872, 830.9475409835902, 872.1183391003353, 873.969741697405, 883.8764331209967, 845.1376205787607, 683.7721254355248, 890.1225806451496, 853.2050179211311, 841.1489736070165, 888.3057471264246, 860.1658536585164, 881.3950920245271, 911.9999999999859, 870.1947368420871, 935.5999999999918, 890.1225806451497]}