{"valid_losses": [2.3908042697906495, 1.8274228420257568, 1.2690380096435547, 1.2849449124336243, 1.0970603833198547, 1.0418338956832887, 1.036717782974243, 1.0446908783912658, 1.0543707904815673, 1.1059542593955993, 1.1195244541168212, 1.2627202043533325, 1.443045377254486, 1.403399726867676, 1.5660418939590455, 1.64099258518219, 1.2102529153823853, 1.2005137481689454, 1.3329742903709412, 1.3662182366847992], "valid_accs": [0.481, 0.511, 0.605, 0.5955, 0.6145, 0.627, 0.634, 0.657, 0.6555, 0.6505, 0.6655, 0.6605, 0.637, 0.66, 0.638, 0.6495, 0.7205, 0.7245, 0.7195, 0.73], "train_losses": [1.4220857029816216, 0.8163833597774907, 0.5500042852879592, 0.5050529971155585, 0.38097408469776084, 0.33533479554230755, 0.2894433891229168, 0.2212571810518915, 0.21686684681092822, 0.21930820356849415, 0.18076042945611503, 0.1822813305329561, 0.1959881494041135, 0.20206976362051854, 0.2128455977370071, 0.19173668489471848, 0.03921762707550979, 0.029802324744140338, 0.02404001109426188, 0.02859211422872192], "train_accs": [0.6765063378575873, 0.7604329454793266, 0.817039995338517, 0.8227122764437813, 0.8507842796160859, 0.8668750361821618, 0.884991607346137, 0.9156682294379811, 0.9145685014759507, 0.9149736644093304, 0.9274758348939954, 0.9328008334780343, 0.9263761069630144, 0.9270127915415615, 0.9239451293627365, 0.9356369740116919, 0.9889448399606413, 0.9904497308560514, 0.9930543497134919, 0.9914915783990276]}