{"std": 86.21398145220667, "mean": 754.8490947032072, "episode_rewards": [778.9946308724665, 636.4548042704492, 792.0558922558777, 723.8740740740614, 701.7480519480392, 852.8685920577517, 707.7470198675404, 630.1754266211467, 863.3627530364195, 825.9744966442805, 930.399999999993, 665.5657657657506, 818.3185185185022, 836.837037037019, 788.3245901639191, 816.7550173010263, 807.5490774907641, 794.7044585987087, 558.963987138248, 680.2878048780341, 648.1870967741858, 792.2731182795545, 685.7237536656719, 796.3517241379191, 719.9219512194967, 632.9288343558184, 783.4363636363485, 873.4842105263015, 805.6295964125418, 696.574193548377]}