{"mean": 555.7772130925608, "episode_rewards": [811.8521172638233, 267.82973977695156, 773.087671232857, 458.62352941175516, 694.1262411347432, 772.4708074533976, 404.5619047619017, 497.46763848396245, 837.7562043795416, 246.87903780068086, 278.0051282051248, 697.59411764704, 356.547404844275, 827.5566539923748, 412.2999999999838], "std": 216.6187606864724}