{"mean": 747.889545994321, "episode_rewards": [668.288745980693, 458.13333333332685, 825.8563380281531, 860.117460317448, 648.1660130718778, 885.8139860139712, 770.4624605678108, 694.1925233644696, 739.0282958199218, 772.1404255319018, 780.9881188118723, 839.9993355481614, 658.6235294117563, 779.2326241134608, 837.2999999999876], "std": 105.99406013293105}