{"std": 162.1096184924248, "mean": 649.9836562470525, "episode_rewards": [778.9946308724708, 326.84626334518225, 559.7326599326495, 640.5407407407262, 305.64415584415036, 834.8180505415036, 783.9059602648879, 841.7795221842798, 778.3425101214375, 497.1154362415972, 797.4377952755755, 647.5477477477311, 744.2444444444264, 866.4666666666499, 752.2590163934268, 771.772318339088, 648.877490774903, 721.4560509553932, 420.7003215433948, 725.5839721254192, 367.54193548385587, 767.1835125447864, 606.544868035178, 781.0260536398347, 344.9219512194978, 513.2969325153243, 605.2545454545428, 607.0368421052469, 685.4179372197223, 777.2193548386977]}