{"valid_losses": [2.6155547313690186, 1.6237160577774048, 1.4460045990943908, 1.2073141927719115, 1.1314211592674255, 1.166728141784668, 1.2280499749183655, 1.2880257396697998, 1.2742084221839904, 1.394294192790985, 1.6237780590057374, 1.4064641184806823, 1.3823347101211547, 1.214767635822296, 1.2419095020294189, 1.286142276287079, 1.3256993985176087, 1.1374704596996308, 1.6220774574279786, 1.3029067113399506], "valid_accs": [0.527, 0.5735, 0.6, 0.6285, 0.6545, 0.6525, 0.6615, 0.6775, 0.662, 0.6455, 0.6325, 0.658, 0.666, 0.715, 0.699, 0.7145, 0.699, 0.7255, 0.692, 0.742], "train_losses": [12.79477455161019, 6.684673212396606, 5.126807009172625, 4.435912629744793, 3.7608389157956896, 3.5095656566848397, 2.9962118740758528, 2.898163230356922, 2.639432580270804, 2.537096696049829, 2.1767920284847517, 2.131602849846893, 1.805714003757697, 1.6539656601377457, 1.7538495532421834, 1.3986708851243401, 1.4233905931117186, 1.4924873018551805, 1.3980477176938282, 1.2845472953982904], "train_accs": [0.3405683857254624, 0.41592869128922577, 0.46113329860853186, 0.4837066620276083, 0.5187243155485199, 0.5461596341854017, 0.5825664178032893, 0.6004514672341236, 0.6232563523656414, 0.6205938530891466, 0.6629044394488411, 0.6655090582752322, 0.7041731782414098, 0.7192799675766155, 0.7052729061654909, 0.7498987092804549, 0.7491462637637509, 0.7472362099418611, 0.7698095734040619, 0.7745557677596092]}