{"train_accs": [0.4364818384638628, 0.5195978380024115, 0.5933401368325515, 0.6484484257429335, 0.723494727293344, 0.7868805987095894, 0.8395887666892703, 0.8666704463959641, 0.8898590165398966, 0.894886041501304, 0.9109498431417016, 0.9167517103359273, 0.9284499376346524, 0.9262765997701633, 0.933949427372718, 0.9264277884892318, 0.9363495483236951, 0.9267301659206101, 0.9278451827403553, 0.9492005896360132], "train_losses": [3.8149817426958856, 2.010851863430224, 1.4821328161078822, 1.2514049809333279, 0.9323323917435326, 0.7005452275496967, 0.5114936478976405, 0.4460064813358946, 0.3462817432136318, 0.3634948798590436, 0.29634360004271065, 0.3030748566799239, 0.25534686974168147, 0.27248649533114155, 0.23561086790451657, 0.25445721947386357, 0.2245506345668853, 0.26560366937193874, 0.2697229962183821, 0.1825623333766861], "valid_accs": [0.6073333333333333, 0.5536666668256124, 0.588333333492279, 0.610333333492279, 0.6520000003178914, 0.697, 0.6850000001589457, 0.7080000001589457, 0.713333333492279, 0.742, 0.736, 0.7243333336512248, 0.739333333492279, 0.7143333333333334, 0.7390000003178915, 0.7313333336512248, 0.7390000003178915, 0.7260000001589457, 0.7216666669845581, 0.758333333492279], "valid_losses": [1.2753540671666463, 1.1748318354288736, 1.0503184343973795, 1.028365554968516, 0.9820516459147135, 0.9702024467786153, 1.075560034751892, 1.1960322306950888, 1.1779620707829794, 1.1101442524592082, 1.265279413620631, 1.4428975534439088, 1.4111459798812866, 1.5269480743408204, 1.3826930680274963, 1.478386198679606, 1.5078074312210084, 1.5714795490900675, 1.6311823959350586, 1.492955420176188]}