{"std": 148.90493661454724, "mean": 701.2807696569419, "episode_rewards": [792.417449664411, 462.07758007115797, 845.9279461279257, 686.8370370370183, 536.1636363636198, 863.6989169674966, 773.9721854304496, 824.7146757678963, 745.9538461538251, 752.1489932885717, 733.9118110236134, 749.6498498498312, 818.3185185184992, 807.2074074073881, 411.27540983604905, 692.1875432525819, 785.4088560885466, 189.60891719745507, 764.7517684887298, 770.8801393728046, 477.2193548386945, 788.6888888888715, 703.3190615835574, 800.183141762438, 786.9951219511994, 764.8306748466117, 652.5272727272549, 638.5999999999875, 819.1470852017833, 599.7999999999854]}