{"std": 32.22221040368051, "episode_rewards": [879.9587301587153, 849.7999999999871, 871.6309859154724, 843.6596491227873, 836.2548494983067, 860.7374999999837, 890.028013029294, 888.6059701492352, 794.3783132529978, 780.6777429466878, 841.6181818181628, 825.7259259259068, 848.139483394821, 896.096296296278, 840.8029498524976], "mean": 849.8743060907423}