{"std": 199.78548290535878, "episode_rewards": [581.7787985865558, 176.02377622378123, 854.817301038049, 242.90850439881527, 798.7547038327348, 677.1722627737036, 829.6245614034882, 783.8579710144783, 805.4603773584696, 761.3916955017175, 716.0650602409489, 836.1957597172951, 754.2776119402786, 770.6708708708514, 756.0300319488679], "mean": 689.6686191233358}