{"std": 49.43633827080696, "mean": 833.1485496067556, "episode_rewards": [872.9543624160881, 668.4832740213379, 869.4969696969506, 853.5037037036833, 847.8519480519282, 881.7494584837436, 800.462251655617, 828.1276450511741, 806.6825910930968, 839.397315436222, 887.9889763779383, 842.7429429429233, 847.9481481481298, 862.7629629629445, 798.1606557376889, 730.2498269896064, 814.9291512914996, 858.398726114628, 857.9993569131661, 837.0822299651414, 844.9612903225687, 871.126164874535, 779.5653958944071, 842.328735632171, 796.1414634146153, 847.6527607361838, 783.4363636363457, 834.0105263157716, 943.2999999999935, 844.9612903225684]}