{"std": 106.60945775924196, "mean": 811.47822023055, "episode_rewards": [463.55838926173607, 849.9779359430445, 872.8639730639528, 631.2814814814645, 844.6051948051739, 867.3090252707462, 803.7735099337613, 596.0457337883763, 891.7028340080757, 876.3100671140734, 860.4299212598276, 662.5627627627456, 928.6999999999874, 896.0962962962777, 840.7836065573608, 816.7550173010261, 840.7594095940823, 867.9528662420163, 812.9832797427472, 760.427177700331, 890.122580645149, 838.8681003584106, 820.6211143694794, 876.8114942528607, 738.2146341463224, 813.9104294478395, 888.8909090908909, 662.9578947368245, 945.3999999999927, 883.6709677419234]}