{"mean": 857.5474067407206, "episode_rewards": [749.4932515337282, 820.5547169811167, 873.1333333333201, 863.9693811074707, 798.4928104574951, 865.4488549618173, 944.5999999999926, 871.3189873417606, 881.3498154981415, 873.4842105262975, 885.4115107913462, 876.0711864406607, 836.3079365079165, 856.1492063491909, 867.4258992805554], "std": 42.533704932034595}