{"mean": 850.2449599760414, "episode_rewards": [605.8606060605873, 937.8999999999891, 927.6999999999865, 936.6999999999892, 892.8313588850007, 839.1939393939203, 861.8253164556842, 837.1219373219251, 865.1979238754211, 870.6029197080095, 609.90638297871, 933.8999999999951, 866.1299663299475, 876.0711864406611, 892.732862190795], "std": 100.41457552296369}