{"std": 90.26346133238516, "mean": 845.5847185170674, "episode_rewards": [913.8999999999843, 889.1238434163549, 882.9649831649643, 881.2814814814612, 857.5922077921874, 870.9191335739961, 826.9523178807827, 879.3221843003204, 883.605668016174, 893.0885906040069, 864.3669291338443, 854.7549549549356, 873.8740740740559, 884.9851851851671, 860.4557377049026, 827.1356401383972, 848.1394833948216, 880.6917197452016, 874.0765273311729, 617.5700348431895, 861.0903225806336, 860.3734767024927, 835.2838709677205, 865.3172413792981, 735.165853658519, 464.2171779140957, 885.2545454545274, 863.6157894736665, 942.2999999999931, 890.1225806451499]}