{"episode_rewards": [82.0, 60.0, 68.0, 434.0, 63.0, 422.0, 116.0, 346.0, 221.0, 162.0, 327.0, 182.0, 143.0, 428.0, 586.0], "mean": 242.66666666666666, "std": 162.76554371924735}