{"train_accs": [0.39416565374380846, 0.5035017653182817, 0.5888753834094771, 0.6364530878651575, 0.6563060716835584, 0.692423453135451, 0.6996006250912761, 0.7251837703270473, 0.7364704519977736, 0.7799386467385528, 0.7567864791548086, 0.7559761532500999, 0.7933669039901845, 0.8509579209422474, 0.8450541181297168, 0.8330728714234397, 0.8750361752308594, 0.8845285639937032, 0.8905481275063446, 0.8625918851341992, 0.9142212189685252, 0.9164785552426414, 0.9252184985577802, 0.9098223071273033, 0.933958441859119, 0.9435087109720182, 0.9247554552294959, 0.9410777334027899, 0.9473866990797013, 0.922555999305435, 0.9348845285018879, 0.9453030039937489, 0.943855993517393, 0.9491809920082837, 0.9642877814435377, 0.9622619667145406, 0.9534641430493465, 0.9563581640020581, 0.9495861550037622, 0.9576894136403055, 0.9617989234242056, 0.9780054407283416, 0.9694970191584187, 0.9586733807642275, 0.9612779996527175, 0.9660241940151647, 0.9592521849858193, 0.9668345198819239, 0.970307345025178, 0.9747062568112008], "valid_accs": [0.488, 0.5955, 0.6195, 0.655, 0.683, 0.6865, 0.6905, 0.6915, 0.6505, 0.665, 0.6635, 0.713, 0.7195, 0.718, 0.683, 0.685, 0.7005, 0.7605, 0.781, 0.694, 0.7765, 0.7395, 0.7725, 0.782, 0.784, 0.7955, 0.7855, 0.7675, 0.762, 0.7425, 0.7765, 0.7695, 0.76, 0.813, 0.7715, 0.7935, 0.7695, 0.765, 0.7485, 0.7775, 0.7725, 0.796, 0.786, 0.797, 0.7775, 0.8005, 0.7875, 0.801, 0.7955, 0.7905], "train_losses": [4.929899041075987, 2.433114730077409, 1.7144924426179535, 1.4559687320547274, 1.3094603310251234, 1.1574305482241072, 1.2001573746662666, 1.0159908643321955, 0.9904788163426285, 0.8856455199457107, 1.0922523480899053, 0.9676584728153145, 0.769819621859846, 0.5489363634279979, 0.5939360629572473, 0.6458879952913165, 0.4642930241734947, 0.4012886675418289, 0.3691641970862598, 0.5470447269229899, 0.3072119351924276, 0.30992461601937954, 0.2628775261387375, 0.30572211642374375, 0.21268710380387423, 0.1744472073491236, 0.2603193666405815, 0.20761257383053644, 0.17574976477723483, 0.26649606159382627, 0.22718250515627153, 0.17955629076230178, 0.18829761776921564, 0.1672765652964397, 0.11836985666328545, 0.12261799202820417, 0.1723245045506234, 0.1506175897477416, 0.18256606329388242, 0.13374653765985092, 0.11309147018562135, 0.07562898397231944, 0.10019255520065927, 0.15544823054417234, 0.13453739459504066, 0.10330058849770454, 0.12464925270662795, 0.12477484130634094, 0.10185568582137479, 0.08173631834135334], "valid_losses": [1.7963475198745729, 1.0590527863502504, 1.0264479331970215, 0.9424577622413636, 0.8755434970855713, 0.8721247777938843, 0.8839707884788514, 0.9331750655174256, 1.137056077003479, 1.2349170036315917, 1.4142357473373413, 1.036675688266754, 0.9860140771865845, 1.085057888507843, 1.3512784452438356, 1.3518831033706664, 1.372429428100586, 1.0557385013103484, 0.9303358476161957, 1.5761484131813048, 1.1219767370223999, 1.3798754642009734, 1.1019395883083343, 1.0207949396967888, 1.1064475696086884, 1.112543551325798, 1.1948136873245239, 1.291586641550064, 1.4017224502563477, 1.5240080029964447, 1.2195176751613617, 1.2016880221366881, 1.4602510223388672, 1.0346664896011353, 1.2769319818019866, 1.3053649389445783, 1.6716147928237914, 1.5713064821958542, 1.855067338705063, 1.2253099467754365, 1.4398907251358033, 1.4542011210918426, 1.4880951210260391, 1.3711017560958862, 1.5237437281608581, 1.267528417825699, 1.2199865272045136, 1.2291925963163375, 1.3440539932250977, 1.4144682087898255]}