{"train_accs": [0.5135897338834842, 0.6468940455010032, 0.7304955142521861, 0.7764696975432487, 0.8228981337774918, 0.8474277927092403, 0.8627020479236855, 0.884487261990385, 0.9031305598667525, 0.9229094901010713, 0.9246507930499299, 0.9431805276905023, 0.9465684975583905, 0.9551993034788204, 0.9564674262785328, 0.9590793807018207, 0.9594768520271038, 0.9576030586364841, 0.9729719498807586, 0.9673127152969678], "train_losses": [3.1648380209180593, 1.4385849584122323, 0.8870773290164782, 0.6851722785424815, 0.5136646054399976, 0.4474534410301499, 0.40723053820341476, 0.3550766810586733, 0.3097585727745291, 0.23617901545361586, 0.2271276661883561, 0.17994019756509524, 0.16534704534213462, 0.13810438235956657, 0.1322954422801686, 0.12289466952855782, 0.12643534583566807, 0.13239295842596824, 0.08596318890645029, 0.10585209846912962], "valid_accs": [0.3043333334128062, 0.3220000000794729, 0.5156666667461395, 0.5870000001589457, 0.6430000001589458, 0.6390000001589458, 0.6526666668256124, 0.6853333334922791, 0.700333333492279, 0.7326666666666667, 0.7373333336512248, 0.7493333336512248, 0.7553333333333333, 0.7303333336512248, 0.7473333333333333, 0.7393333336512248, 0.742, 0.7516666669845581, 0.747333333492279, 0.7506666668256123], "valid_losses": [4.662149514516194, 2.60239848391215, 1.4646891635258992, 1.176639012336731, 1.0129153876304626, 1.1655283427238465, 1.1563500719070434, 1.1850037773450215, 1.2520467224121095, 1.1341364742120108, 1.111002711613973, 1.2520851538976034, 1.1863490641911825, 1.4493302235603331, 1.379062575340271, 1.4380183715025583, 1.527038096110026, 1.435419718583425, 1.5769650173187255, 1.5387869315942129]}