{"valid_losses": [2.0660494022369384, 2.8434880199432375, 1.640666534423828, 1.176051944732666, 1.0752220497131348, 1.0240183877944946, 0.9892829823493957, 0.9757456541061401, 1.0294442028999329, 1.0285803928375243, 1.1373272576332092, 1.1299888877868651, 1.1190528602600098, 1.2950631756782531, 1.3695856571197509, 1.1593370370864868, 1.2996693596839906, 1.3422610273361206, 1.7170343408584594, 1.2461036396026612], "valid_accs": [0.5505, 0.5195, 0.565, 0.589, 0.631, 0.637, 0.6565, 0.6665, 0.6665, 0.682, 0.677, 0.6865, 0.6965, 0.6845, 0.6775, 0.713, 0.7075, 0.711, 0.645, 0.7305], "train_losses": [11.117221302474725, 5.788191922527776, 3.632005831430361, 2.5229647903245875, 1.8090755498857074, 1.4816949502691914, 1.2408489655612098, 1.074878007903201, 1.0010979399192856, 0.951922229596667, 0.8766951447988527, 0.709611315892348, 0.6079598719487762, 0.5078800224820421, 0.5649458868360605, 0.44212523956620914, 0.3608179198674059, 0.3771486352192705, 0.44650006899887773, 0.3176378624818526], "train_accs": [0.3956705446961426, 0.5081321988805698, 0.5449441453921627, 0.5716270185382152, 0.6443248249393319, 0.6811367714509248, 0.7211900213812557, 0.744226428151041, 0.7609538692577146, 0.7788389188075718, 0.787752503335024, 0.8205707008766757, 0.8349250448021257, 0.8642125368677177, 0.8506106384279221, 0.8821554668124796, 0.8998668750430752, 0.8954679631949534, 0.877930196190471, 0.9109799154635387]}