{"valid_losses": [3.4388854999542238, 1.4062945957183839, 1.4067041692733764, 1.0139936237335205, 1.0502684240341187, 1.0482426762580872, 1.0451667957305908, 1.3737415113449096, 1.268647274017334, 1.4967143020629883, 1.28561395072937, 1.2167818179130554, 1.416826891899109, 1.3015466351509095, 1.409879156112671, 1.302727527141571, 1.958097321510315, 1.3101690282821656, 1.3066553447246552, 1.7400362501144409], "valid_accs": [0.532, 0.5935, 0.6155, 0.6705, 0.671, 0.6845, 0.681, 0.6345, 0.653, 0.639, 0.6775, 0.691, 0.656, 0.6895, 0.6755, 0.698, 0.637, 0.739, 0.7355, 0.692], "train_losses": [2.0835014220816386, 0.5781225646834838, 0.46346724304995507, 0.3035671009249852, 0.2584673074972314, 0.2188176535660314, 0.19044865171049918, 0.4088175242947105, 0.22776862261821712, 0.22941139932119622, 0.1755913774753349, 0.13343645098399284, 0.15163621908024538, 0.12904979047858342, 0.12545584604457177, 0.10273005589076262, 0.20477558151271294, 0.038374524566407935, 0.08052532736197138, 0.06610789310814075], "train_accs": [0.6479712912948994, 0.8163454303478156, 0.8492793887206759, 0.8876541066226318, 0.9049024714628442, 0.9195462175146148, 0.9255079006772009, 0.8533888985425253, 0.9131214909995948, 0.9215141517624588, 0.9343636047614492, 0.9527695780517451, 0.9487179487179487, 0.9582682178618973, 0.9534062626613417, 0.9675290849105748, 0.9282282803727498, 0.988366035770099, 0.9680500086510134, 0.9795103316548012]}