{"number_episodes": 4, "episode_rewards": [824.8999999999644, 932.0999999999879, 912.9999999999927, 859.59999999997], "mean_all_episodes": 882.3999999999787, "std_all_episodes": 42.52217068778301}