{"number_episodes": 3, "episode_rewards": [868.0999999999799, 816.9999999999638, 851.5999999999673], "mean_all_episodes": 845.566666666637, "std_all_episodes": 21.29324358153255}