{"number_episodes": 5, "episode_rewards": [923.1999999999833, 870.9999999999706, 914.8999999999819, 931.3999999999874, 902.3999999999857], "mean_all_episodes": 908.5799999999817, "std_all_episodes": 21.094492172133926}