{"number_episodes": 2, "episode_rewards": [691.1999999999395, 878.2999999999776], "mean_all_episodes": 784.7499999999585, "std_all_episodes": 93.55000000001905}