{"std": 61.404996645123354, "mean": 828.1974273848089, "episode_rewards": [889.732885906021, 846.4192170818365, 839.193939393921, 865.8493827160296, 834.8649350649156, 842.0382671480033, 846.8198675496578, 841.7795221842797, 891.7028340080765, 829.3302013422634, 891.9259842519546, 833.7339339339155, 855.3555555555379, 862.7629629629449, 746.4049180327734, 840.9764705882245, 777.6697416974049, 867.9528662420175, 829.0604501607557, 607.1170731707167, 844.9612903225689, 846.0365591397688, 709.1841642228555, 838.4973180076519, 854.0682926829072, 697.3460122699305, 852.5272727272556, 824.1421052631412, 877.3784753363067, 861.0903225806337]}