{"mean": 812.2104608996231, "episode_rewards": [834.5079037800492, 867.7715302490953, 789.8709219858018, 842.9438127090098, 828.0868525896285, 854.1973941367868, 665.1958944281349, 829.2478527607237, 787.6504672896996, 735.9774744027106, 852.1809523809408, 842.2460431654488, 870.2797047970361, 828.1276450511745, 754.8724637681038], "std": 54.63442004903634}