{"std": 200.06749910987483, "mean": 612.5770575634313, "episode_rewards": [550.8067114093797, 704.0704626334361, 842.5609427609227, 356.59012345677434, 292.6571428571309, 845.6483754512509, 764.0384105960156, 848.6054607508318, 810.7311740890478, 423.28993288588987, 639.9574803149465, 389.2894894894743, 762.762962962944, 333.1333333333161, 709.6360655737543, 574.5404844290517, 409.0250922509064, 259.6726114649666, 806.5524115755445, 600.1484320557322, 654.6387096774054, 831.6996415770443, 764.9026392961675, 278.59578544059553, 427.2390243902287, 703.4809815950792, 837.9818181817992, 380.0631578947193, 768.7412556053661, 806.251612903214]}