{"mean": 658.937022164427, "episode_rewards": [839.4825396825207, 386.14516129030915, 646.1768115941886, 416.13986928102906, 792.5335640138278, 849.7999999999798, 825.7259259259066, 316.47096774192596, 807.1482428114865, 475.8517799352583, 863.8287769783966, 648.0758620689464, 627.3985663082263, 871.7298245613832, 517.5474402730179], "std": 187.85729432799243}