{"std": 244.35479415921256, "mean": 229.4917792197795, "episode_rewards": [84.36375838926614, 255.67188612100097, 132.1232323232366, 279.42962962963185, 377.0727272727262, -6.33718411552419, 264.03841059602644, 145.53378839590593, 867.4113360323726, 161.5449664429551, 844.681889763769, -25.12492492492561, 147.94814814814976, 214.61481481481903, -34.62622950819736, 93.57162629758187, 76.92177121771682, -20.582165605096232, -42.32218649517752, 230.8104529616769, 215.92903225806606, 82.5956989247359, 169.59472140762875, 566.4666666666564, 113.21463414634442, 114.52392638037185, 547.0727272727215, 156.3789473684211, 756.302242152458, 115.92903225806657]}