{"episode_rewards": [-56.575838926175074, -71.73024911032053, -73.2639730639732, -75.50864197530859, -74.2259740259741, -71.31913357400742, -77.02119205298, -76.30921501706476, -63.76275303643797, -76.71006711409382, -52.95590551181166, -73.17297297297301, -74.27407407407415, -66.86666666666727, -73.97049180327873, -75.97854671280265, -78.05977859778578, -77.90700636942655, -74.47652733118971, -75.80975609756089, -77.6193548387095, -75.110394265233, -76.7395894428151, -69.54865900383183, -75.80975609756089, -75.66012269938642, -56.563636363637166, -77.17368421052615, -50.87264573991111, -74.39354838709679], "std": 7.5491655538117985, "mean": -71.6463385027538}