{"std": 205.08681709208696, "mean": 627.2523894628323, "episode_rewards": [614.5651006711372, 312.61138790034573, 839.1939393939202, 680.6641975308482, 526.4233766233626, 592.9407942238118, 562.0516556291257, 323.00819112626317, 778.3425101214377, 775.6389261744786, 832.8708661417185, 827.727927927909, 905.6999999999829, 807.2074074073896, 362.09508196719776, 667.9660899653851, 342.60442804426697, 813.8127388534824, 681.1504823150965, 363.214634146326, 393.34838709676, 314.44480286737314, 415.92903225805, 827.0030651340871, 305.2878048780349, 780.1680981594969, 877.9818181818022, 787.9578947368248, 863.9255605381051, 641.7354838709545]}