{"episode_rewards": [-80.06577181208021, -71.73024911032053, -76.63097643097632, -75.50864197530862, -74.22597402597408, -71.31913357400748, -73.70993377483454, -72.89624573378856, -84.0056680161938, -76.71006711409383, -76.57795275590541, -76.17597597597586, -74.27407407407416, -66.86666666666727, -73.9704918032787, -72.51833910034621, -78.05977859778578, -77.90700636942654, -77.69196141479081, -68.84111498257883, -77.6193548387095, -75.11039426523298, -76.7395894428151, -65.71724137931102, -75.80975609756089, -75.6601226993864, -60.2000000000008, -77.17368421052615, -41.904035874440254, -74.39354838709677], "std": 7.343127940049414, "mean": -73.33379168344958}